driver_id,name,experience_years,licence_type
D-100,Driver_0,9,A
D-101,Driver_1,6,B
D-102,Driver_2,2,C
D-103,Driver_3,8,C
D-104,Driver_4,13,B
D-105,Driver_5,5,A
D-106,Driver_6,1,A
D-107,Driver_7,6,A
D-108,Driver_8,6,B
D-109,Driver_9,7,B
D-110,Driver_10,11,B
D-111,Driver_11,14,B
D-112,Driver_12,8,C
D-113,Driver_13,9,C
D-114,Driver_14,3,C
D-115,Driver_15,8,A
D-116,Driver_16,4,C
D-117,Driver_17,6,B
D-118,Driver_18,4,C
D-119,Driver_19,4,C
D-120,Driver_20,6,B
D-121,Driver_21,1,B
D-122,Driver_22,8,B
D-123,Driver_23,3,B
D-124,Driver_24,9,B
D-125,Driver_25,11,B
D-126,Driver_26,3,A
D-127,Driver_27,12,A
D-128,Driver_28,6,B
D-129,Driver_29,6,C
D-130,Driver_30,4,A
D-131,Driver_31,4,A
D-132,Driver_32,12,C
D-133,Driver_33,1,B
D-134,Driver_34,14,B
D-135,Driver_35,5,B
D-136,Driver_36,11,C
D-137,Driver_37,4,A
D-138,Driver_38,11,C
D-139,Driver_39,1,B
D-140,Driver_40,2,B
D-141,Driver_41,5,C
D-142,Driver_42,10,B
D-143,Driver_43,13,B
D-144,Driver_44,4,A
D-145,Driver_45,5,A
D-146,Driver_46,1,A
D-147,Driver_47,11,C
D-148,Driver_48,8,B
D-149,Driver_49,7,C
